<?xml version="1.0" encoding="UTF-8"?>
<OoRexxDocXml>
    <parser>
        <output>./doc</output>
        <input>./properties/Properties.cls</input>
    </parser>
    <title>The Unicode Tools for Rexx</title>
    <header>
        <property>
            <key>Run-Date</key>
            <value>${.now?datetime}</value>
        </property>
    </header>
    <overview>Overview</overview>
    <settings>
        <includePublic>true</includePublic>
        <includePrivate>true</includePrivate>
        <includePackage>true</includePackage>
        <includeVariableReferences>true</includeVariableReferences>
    </settings>
</OoRexxDocXml>